{"model":"Xenova/clip-vit-base-patch32","preprocVersion":1,"dim":512,"mean":[0.237061,-0.154266,0.06199,-0.027966,0.054607,-0.100406,-0.200013,0.420779,-0.035796,0.009863,-0.019059,0.119353,0.083048,-0.231306,-0.252652,0.054578,-0.187578,-0.189412,0.091266,-0.191367,-0.046016,0.139119,0.068844,-0.373895,0.15722,0.047616,-0.037488,0.342497,0.217529,0.270008,0.053347,-0.012552,0.101995,0.017897,0.091499,-0.071226,-0.050301,-0.002339,0.08308,-0.163644,-0.091822,-0.277251,-0.073496,0.011575,-0.093469,0.035897,0.145169,-0.176759,0.088038,0.184726,0.004931,-0.011641,-0.074527,0.192252,0.194694,0.154384,-0.051501,0.14669,-0.362179,-0.165763,0.042126,0.281138,0.137488,0.011759,-0.173195,0.048083,0.221332,-0.111428,0.127618,-0.30105,-0.202224,-0.145927,-0.400112,0.106153,0.093384,-0.044555,-0.154468,0.056665,0.018076,0.026892,0.319063,0.314124,-0.07147,0.071502,-0.01326,0.180265,-0.128992,0.222344,-0.165612,0.126011,-0.085662,0.311359,0.170534,-0.201391,0.080431,0.069874,-0.10823,0.185816,0.172095,0.115652,0.328286,0.113695,-0.127859,-0.075507,0.04678,-0.126937,0.355621,0.397187,0.134952,-0.221973,0.019344,-0.245836,0.308951,-0.11688,-0.177473,0.203548,0.189017,0.253059,0.11007,0.287831,-0.06805,0.167883,-0.019095,0.221445,0.177096,-0.142131,-0.052283,-0.185004,0.026132,0.23096,0.041072,0.326353,-0.089752,-0.222501,-0.12683,0.176011,0.34209,-0.304445,0.085475,0.009291,-0.20908,0.073821,-0.17029,0.13586,-0.261586,-0.060266,0.082193,0.162486,0.057635,0.02029,-0.111278,0.112099,-0.01907,0.009265,0.104481,0.127045,0.037302,-0.036907,-0.09146,0.235976,0.014355,-0.01894,0.256173,0.177974,-0.278185,0.080247,-0.403632,0.220179,-0.005948,0.052988,0.276661,0.368598,-0.014401,0.071931,0.014967,0.051513,-0.158866,0.068573,-0.114384,0.108368,-0.172957,0.171642,0.060256,-0.197309,-0.35108,0.056896,0.199517,0.190803,-0.232689,-0.164709,0.115663,0.2413,0.156443,0.151372,0.068301,0.295695,-0.284749,0.101311,-0.24268,-0.059868,-0.056103,-0.189432,0.293043,-0.116275,-0.077269,-0.37445,-0.207405,0.035975,0.076374,0.220993,0.074545,-0.065075,-0.065599,0.139449,-0.227866,0.055123,0.067386,0.088149,0.112273,0.053718,-0.074278,0.098195,-0.169446,-0.081678,-0.093056,-0.133507,0.002372,0.154126,0.101839,-0.124636,-0.060709,-0.125718,0.17451,-0.110263,-0.022895,-0.242808,0.087046,0.102987,-0.186705,-0.099126,0.121352,0.060031,0.197027,-0.1003,-0.177509,0.054087,0.108974,0.082207,-0.019132,0.004674,-0.173422,-0.092217,0.128363,-0.232794,0.00043,-0.159896,0.281343,-0.019615,0.219016,0.139364,0.049969,-0.226306,-0.256615,0.139494,-0.172392,-0.103788,-0.060923,-0.071702,-0.35872,0.038934,-0.168113,-0.139244,0.016457,-0.023357,-0.014471,0.073678,-0.043974,-0.245823,-0.01787,-0.101776,0.206555,-0.235015,0.177621,0.295749,-0.109269,0.246325,-0.177262,-0.308039,0.081448,0.213985,0.014365,0.152449,0.107164,0.157939,-0.005119,-0.020169,-0.132539,0.127186,0.319501,-0.176342,0.198859,-0.103905,0.139656,-0.129855,-0.180131,0.041767,0.199294,0.101237,0.25321,0.34756,-0.050562,-0.149001,-0.186202,-0.106789,0.187827,-0.271564,0.065071,-0.045672,0.017864,0.165564,-0.129118,0.129259,-0.00217,0.151537,-0.044608,-0.039053,-0.105118,0.113393,-0.128104,0.107434,-0.091978,-0.044012,0.19952,0.030642,-0.242568,0.088167,0.159764,-0.119298,0.050004,0.159732,0.160194,0.321451,-0.103454,0.303507,-0.183654,-0.007197,-0.138074,0.315377,-0.068596,0.054056,-0.180252,-0.240095,0.284787,-0.301987,-0.315312,-0.114828,-0.245498,-0.045641,-0.087971,0.072826,-0.195547,0.051289,0.282299,0.232013,0.043011,0.359397,-0.002252,0.038966,0.026378,0.103954,0.20397,-0.09593,-0.21974,-0.254588,0.096007,-0.163942,0.17873,-0.409759,0.088988,0.065565,-0.267913,-0.182209,-0.414614,-0.311189,0.233035,-0.210841,0.201697,-0.056982,-0.128176,0.044139,0.165772,0.217512,0.156502,-0.064201,-0.224094,-0.281616,0.066461,0.441735,0.056576,0.024526,0.107223,-0.005765,-0.036007,-0.063598,0.022125,-0.373582,-0.238098,-0.138536,-0.263926,-0.010302,-0.015727,-0.078629,-0.146331,0.119968,0.209112,-0.278181,-0.324304,-0.230519,-0.071851,-0.437184,0.00034,0.011695,0.221725,0.21125,-0.239163,-0.01416,0.143723,0.27765,-0.084137,-0.05357,0.082672,0.005377,0.247166,-0.1735,-0.111939,0.160642,-0.363644,-0.086976,0.111051,0.095254,-0.051878,-0.175002,0.036257,0.096057,0.087308,-0.027749,-0.211278,0.311352,0.087013,-0.420122,0.208888,-0.160329,-0.079244,-0.234834,0.061572,-0.293422,-0.054676,0.072091,0.118967,0.110781,-0.331088,0.188033,0.127259,0.025724,-0.079043,-0.116663,0.218755,-0.044859,-0.150424,0.079928,-0.185228,-0.095955,0.058294,0.07077,-0.070289,-0.110871,0.192183,0.135302,-0.330703,-0.097588,0.166085,0.220629,-0.137545,-0.214709,-0.068775,0.156224,0.065387,-0.193876,-0.032577,0.034904,0.209445,-0.05424,-0.209441,0.151977,0.098261,0.078399,0.438561,0.105547,-0.066455,0.176655,-0.223699,0.148704,-0.153377,0.251797,0.127842,0.2625,-0.023234,0.229506,0.088809,0.059015,0.055272,0.319509],"generatedAt":"1970-01-01T00:00:00.000Z","_placeholder":"Schema-valid 3-entry fixture so the matcher/embedder compile and unit-test. Replaced by scripts/buildBoxEmbeddings.ts (subagent A).","entries":[{"speciesId":"incineroar","name":"Incineroar",